2016;3;8;9;0;0;2;0.00125523;0.00121975;0.15098509;0.08544799;0.00116589;0.00120476;0.09819905;0.07375796;1.10355;1.10347;-1
2016;3;8;10;0;0;2;0.00125349;0.00123143;0.14563411;0.10932086;0.00125523;0.00121975;0.13088364;0.08209774;1.10283;1.10275;-1
2016;3;8;11;0;0;2;0.00112776;0.00122335;0.06151003;0.10988922;0.00125349;0.00123143;0.11892948;0.10487009;1.10145;1.10137;-1
2016;3;8;12;0;0;2;0.00103953;0.00120219;0.01492537;0.08505791;0.00112776;0.00122335;0.06333973;0.11019417;1.1017;1.10162;-1
2016;3;8;13;0;0;2;0.00093702;0.00116252;-0.01823675;0.04191234;0.00103953;0.00120219;0.01205093;0.08457883;1.10147;1.10139;-1
2016;3;8;14;0;0;2;0.00084044;0.00111447;-0.03324808;0.0028307;0.00093702;0.00116252;-0.01860465;0.04185103;1.10141;1.10133;-1
2016;3;8;15;0;0;2;0.00090517;0.00107901;0.02185949;-0.00514338;0.00084044;0.00111447;-0.01378071;0.00607526;1.1033;1.10322;-1
2016;3;8;16;0;0;2;0.00102135;0.00106065;0.08518066;0.01649157;0.00090517;0.00107901;0.02996743;-0.00379206;1.10421;1.10413;-1
2016;3;8;17;0;0;2;0.00122359;0.00106706;0.14754487;0.06437207;0.00102135;0.00106065;0.09626669;0.01833925;1.10577;1.10569;-1
2016;3;8;18;0;0;2;0.00112399;0.00105248;0.0815429;0.0907325;0.00122359;0.00106706;0.12017564;0.05981053;1.10272;1.10264;-1
2016;3;8;19;0;0;2;0.00096534;0.00102046;0.00779472;0.08212765;0.00112399;0.00105248;0.0741766;0.08950478;1.10185;1.10177;-1
2016;3;8;20;0;0;2;0.00066411;0.00096895;-0.07053602;0.03087408;0.00096534;0.00102046;-0.00637418;0.07976617;1.09978;1.0997;-1
2016;3;8;21;0;0;2;0.00045724;0.00090425;-0.08080101;-0.02544351;0.00066411;0.00096895;-0.06664416;0.03152272;1.10024;1.10016;-1
2016;3;8;22;0;0;2;0.00031547;0.00083519;-0.06258187;-0.05968864;0.00045724;0.00090425;-0.07794373;-0.0249673;1.10055;1.10047;-1
2016;3;8;23;0;0;2;0.00024468;0.00076899;-0.03425912;-0.06219626;0.00031547;0.00083519;-0.0581934;-0.05895723;1.10104;1.10096;-1
2016;3;9;0;0;0;3;0.00015133;0.00068523;-0.04631579;-0.05242056;0.00024468;0.00076899;-0.03693851;-0.06264282;1.10067;1.10059;-1
2016;3;9;1;0;0;3;0.00002701;0.00057475;-0.10401932;-0.05629835;0.00015133;0.00068523;-0.05085018;-0.05317629;1.10005;1.09997;-1
2016;3;9;2;0;0;3;-0.0001058;0.00042704;-0.20427422;-0.09264338;0.00002701;0.00057475;-0.10647359;-0.0567074;1.09962;1.09954;-1
2016;3;9;3;0;0;3;-0.00031076;0.00026762;-0.30748031;-0.16585773;-0.0001058;0.00042704;-0.21193434;-0.09392007;1.09832;1.09824;-1
2016;3;9;4;0;0;3;-0.00051247;0.00010342;-0.35485259;-0.25078364;-0.00031076;0.00026762;-0.30975348;-0.16623659;1.09776;1.09768;-1
2016;3;9;5;0;0;3;-0.00070534;-0.00004874;-0.34151599;-0.31434272;-0.00051247;0.00010342;-0.35654952;-0.25106646;1.09727;1.09719;-1
2016;3;9;6;0;0;3;-0.00084204;-0.0001931;-0.28663274;-0.33066259;-0.00070534;-0.00004874;-0.33724514;-0.31363092;1.09735;1.09727;-1
2016;3;9;7;0;0;3;-0.0009204;-0.00033042;-0.25640646;-0.30833822;-0.00084204;-0.0001931;-0.28129152;-0.32977239;1.09759;1.09751;-1
2016;3;9;8;0;0;3;-0.00095694;-0.00046393;-0.25571921;-0.27596105;-0.0009204;-0.00033042;-0.25010944;-0.30728871;1.09775;1.09767;-1
2016;3;9;9;0;0;3;-0.00090925;-0.00058178;-0.2292868;-0.24717555;-0.00095694;-0.00046393;-0.23612805;-0.27269585;1.09857;1.09849;-1
2016;3;9;10;0;0;3;-0.00093731;-0.00068892;-0.2221307;-0.2357584;-0.00090925;-0.00058178;-0.23502709;-0.24813227;1.09764;1.09756;-1
2016;3;9;11;0;0;3;-0.00099169;-0.00078735;-0.21949961;-0.22955928;-0.00093731;-0.00068892;-0.22583693;-0.23637611;1.09705;1.09697;-1
2016;3;9;12;0;0;3;-0.00108122;-0.00087296;-0.21480748;-0.22436733;-0.00099169;-0.00078735;-0.22234777;-0.23003398;1.09635;1.09627;-1
2016;3;9;13;0;0;3;-0.00106726;-0.00093461;-0.14732419;-0.20300857;-0.00108122;-0.00087296;-0.20009737;-0.22191565;1.09724;1.09716;-1
2016;3;9;14;0;0;3;-0.00106649;-0.00097473;-0.08585547;-0.16743403;-0.00106726;-0.00093461;-0.14810311;-0.20313839;1.09698;1.0969;-1
2016;3;9;15;0;0;3;-0.0012053;-0.00101509;-0.10252294;-0.13491511;-0.00106649;-0.00097473;-0.10533206;-0.17068013;1.09508;1.095;-1
2016;3;9;16;0;0;3;-0.00119263;-0.00104534;-0.08166054;-0.1017965;-0.0012053;-0.00101509;-0.08517563;-0.13202389;1.09644;1.09636;-1
2016;3;9;17;0;0;3;-0.00082848;-0.00103107;0.04825784;-0.04948496;-0.00119263;-0.00104534;-0.03474216;-0.09397677;1.1007;1.10062;-1
2016;3;9;18;0;0;3;-0.00042046;-0.00097676;0.13796545;0.0169875;-0.00082848;-0.00103107;0.05930976;-0.04764298;1.10214;1.10206;-1
2016;3;9;19;0;0;3;-0.00003378;-0.00087637;0.18948593;0.09290157;-0.00042046;-0.00097676;0.14202305;0.01766377;1.10289;1.10281;-1
2016;3;9;20;0;0;3;0.0001874;-0.00074536;0.19220742;0.14917489;-0.00003378;-0.00087637;0.17974302;0.09127775;1.10188;1.1018;-1
2016;3;9;21;0;0;3;0.00022613;-0.0006001;0.16659452;0.17046355;0.0001874;-0.00074536;0.17733885;0.14669679;1.1002;1.10012;-1
2016;3;9;22;0;0;3;0.00027544;-0.00045091;0.16027875;0.17151368;0.00022613;-0.0006001;0.1671913;0.17056301;1.1005;1.10042;-1
2016;3;9;23;0;0;3;0.00026307;-0.00030318;0.14424287;0.16096109;0.00027544;-0.00045091;0.15490111;0.1706174;1.0999;1.09982;-1
2016;3;10;0;0;0;4;0.00023761;-0.00014285;0.14875714;0.15165142;0.00026307;-0.00030318;0.14207892;0.16060043;1.09972;1.09964;-1
2016;3;10;1;0;0;4;0.00012482;0.00000353;0.1359519;0.14192605;0.00023761;-0.00014285;0.13827273;0.14990402;1.0986;1.09852;-1
2016;3;10;2;0;0;4;0.00001189;0.0000969;0.09287818;0.1293245;0.00012482;0.00000353;0.13222222;0.14130444;1.09829;1.09821;-1
2016;3;10;3;0;0;4;-0.00007752;0.00013501;-0.01699689;0.09484108;0.00001189;0.0000969;0.0916631;0.12912199;1.0983;1.09822;-1
2016;3;10;4;0;0;4;-0.00013073;0.00012424;-0.16826111;0.01952955;-0.00007752;0.00013501;-0.01505501;0.09516473;1.09848;1.0984;-1
2016;3;10;5;0;0;4;-0.00026745;0.0000737;-0.32044268;-0.10267866;-0.00013073;0.00012424;-0.17859118;0.01780787;1.09729;1.09721;-1
2016;3;10;6;0;0;4;-0.00034041;0.00001075;-0.35101656;-0.22510537;-0.00026745;0.0000737;-0.31368915;-0.10155307;1.09767;1.09759;-1
2016;3;10;7;0;0;4;-0.00035541;-0.00005935;-0.30498749;-0.29910553;-0.00034041;0.00001075;-0.3418381;-0.22357563;1.09814;1.09806;-1
2016;3;10;8;0;0;4;-0.00042533;-0.00013584;-0.27398129;-0.31598213;-0.00035541;-0.00005935;-0.31227306;-0.30031979;1.09739;1.09731;-1
2016;3;10;9;0;0;4;-0.00052073;-0.0002201;-0.28137004;-0.3004826;-0.00042533;-0.00013584;-0.27757067;-0.31658036;1.0968;1.09672;-1
2016;3;10;10;0;0;4;-0.00062145;-0.00030302;-0.28140394;-0.28492573;-0.00052073;-0.0002201;-0.280368;-0.30031559;1.09638;1.0963;-1
2016;3;10;11;0;0;4;-0.00066377;-0.00037809;-0.22742475;-0.26797544;-0.00062145;-0.00030302;-0.27106061;-0.28320184;1.09677;1.09669;-1
2016;3;10;12;0;0;4;-0.000604;-0.00043659;-0.12317019;-0.22583861;-0.00066377;-0.00037809;-0.20468612;-0.26418567;1.09783;1.09775;-1
2016;3;10;13;0;0;4;-0.0005822;-0.00048675;-0.07773801;-0.16832927;-0.000604;-0.00043659;-0.1259024;-0.22629397;1.09742;1.09734;-1
2016;3;10;14;0;0;4;-0.00158435;-0.00063307;-0.37995713;-0.21147048;-0.0005822;-0.00048675;-0.21618743;-0.19140418;1.08462;1.08454;1
2016;3;10;15;0;0;4;-0.00175476;-0.00079022;-0.24612756;-0.22621522;-0.00158435;-0.00063307;-0.27644325;-0.19421817;1.09186;1.09178;1
2016;3;10;16;0;0;4;-0.00090543;-0.00085133;-0.01710825;-0.18447064;-0.00175476;-0.00079022;-0.16032084;-0.2119141;1.10422;1.10414;1
2016;3;10;17;0;0;4;0.00061192;-0.00073609;0.15915737;-0.0666084;-0.00090543;-0.00085133;0.01913859;-0.1784295;1.11462;1.11454;-1
2016;3;10;18;0;0;4;0.00189186;-0.00046802;0.22670327;0.07082032;0.00061192;-0.00073609;0.16013115;-0.0664461;1.11596;1.11588;-1
2016;3;10;19;0;0;4;0.00314833;-0.00004915;0.26403017;0.17753991;0.00189186;-0.00046802;0.23090418;0.07152047;1.11936;1.11928;-1
2016;3;10;20;0;0;4;0.00414951;0.00048565;0.28049972;0.23856394;0.00314833;-0.00004915;0.26447222;0.17761358;1.12002;1.11994;-1
2016;3;10;21;0;0;4;0.00487625;0.00109457;0.28399861;0.26699378;0.00414951;0.00048565;0.27905773;0.23832361;1.11989;1.11981;-1
2016;3;10;22;0;0;4;0.00522573;0.0017399;0.26589478;0.27421369;0.00487625;0.00109457;0.27839984;0.26606065;1.11785;1.11777;-1
2016;3;10;23;0;0;4;0.00542962;0.00251923;0.28658206;0.27542381;0.00522573;0.0017399;0.26505169;0.27407317;1.11766;1.11758;-1
2016;3;11;0;0;0;5;0.00555222;0.00333111;0.35253298;0.28908937;0.00542962;0.00251923;0.28675;0.2754518;1.11799;1.11791;-1
2016;3;11;1;0;0;5;0.00555787;0.00404926;0.42046614;0.3266962;0.00555222;0.00333111;0.3505797;0.28876382;1.11767;1.11759;-1
2016;3;11;2;0;0;5;0.00556518;0.00459962;0.42758972;0.37604268;0.00555787;0.00404926;0.4203785;0.3266816;1.11852;1.11844;-1
2016;3;11;3;0;0;5;0.00550588;0.00500118;0.31759214;0.39251839;0.00556518;0.00459962;0.42309077;0.37529286;1.11848;1.1184;-1
2016;3;11;4;0;0;5;0.00533287;0.0052439;0.15693383;0.34123034;0.00550588;0.00500118;0.31194409;0.39157705;1.11767;1.11759;-1
2016;3;11;5;0;0;5;0.00505916;0.00534498;-0.0099221;0.22257619;0.00533287;0.0052439;0.14920013;0.33994139;1.11671;1.11663;-1
2016;3;11;6;0;0;5;0.00479424;0.00533586;-0.12432744;0.07796931;0.00505916;0.00534498;-0.00910051;0.22271312;1.11681;1.11673;-1
2016;3;11;7;0;0;5;0.00459906;0.00526623;-0.14478436;-0.04067984;0.00479424;0.00533586;-0.11514691;0.0794994;1.11764;1.11756;-1
2016;3;11;8;0;0;5;0.00427805;0.00513828;-0.1339547;-0.11442825;0.00459906;0.00526623;-0.15661024;-0.04265082;1.11621;1.11613;-1
2016;3;11;9;0;0;5;0.00384778;0.0049489;-0.14930658;-0.14448296;0.00427805;0.00513828;-0.14461189;-0.11620445;1.11457;1.11449;-1
2016;3;11;10;0;0;5;0.00320915;0.00468793;-0.22955036;-0.17006547;0.00384778;0.0049489;-0.17250421;-0.14834923;1.11133;1.11125;1
2016;3;11;11;0;0;5;0.00265628;0.00436472;-0.26950149;-0.20143361;0.00320915;0.00468793;-0.22473994;-0.16926373;1.11115;1.11107;1
2016;3;11;12;0;0;5;0.00197905;0.00397285;-0.33950909;-0.25457375;0.00265628;0.00436472;-0.28297464;-0.20367914;1.10846;1.10838;1
2016;3;11;13;0;0;5;0.00159104;0.00355709;-0.32824377;-0.29316879;0.00197905;0.00397285;-0.32003988;-0.25132888;1.11051;1.11043;1
2016;3;11;14;0;0;5;0.00121546;0.00313001;-0.30889887;-0.31409341;0.00159104;0.00355709;-0.32630361;-0.29284543;1.10986;1.10978;1
2016;3;11;15;0;0;5;0.00111476;0.00272118;-0.21756581;-0.29348059;0.00121546;0.00313001;-0.28533531;-0.31016615;1.11242;1.11234;1
2016;3;11;16;0;0;5;0.00116516;0.00233964;-0.13875888;-0.24043421;0.00111476;0.00272118;-0.20343607;-0.29112563;1.11423;1.11415;1
2016;3;11;17;0;0;5;0.00132219;0.00201121;-0.06973501;-0.16943398;0.00116516;0.00233964;-0.1273307;-0.23852951;1.11588;1.1158;-1
2016;3;11;18;0;0;5;0.0015889;0.00176022;0.00162658;-0.09551955;0.00132219;0.00201121;-0.05832321;-0.16753201;1.11785;1.11777;-1
2016;3;11;19;0;0;5;0.00160345;0.00158181;0.03859615;-0.03724668;0.0015889;0.00176022;-0.00904955;-0.09729891;1.11565;1.11557;-1
2016;3;11;20;0;0;5;0.00163727;0.00146859;0.09470124;0.01667134;0.00160345;0.00158181;0.04087457;-0.03686694;1.11617;1.11609;-1
2016;3;11;21;0;0;5;0.00161798;0.00142847;0.15347668;0.06851365;0.00163727;0.00146859;0.09245283;0.01629661;1.11582;1.11574;-1
2016;3;13;23;0;0;0;0.0015246;0.00142108;0.19408413;0.11941148;0.00161798;0.00142847;0.14830226;0.06765125;1.11454;1.11446;-1
2016;3;14;0;0;0;1;0.00154894;0.00145814;0.24001507;0.17237431;0.0015246;0.00142108;0.20258672;0.12082858;1.11651;1.11643;-1
2016;3;14;1;0;0;1;0.00155275;0.0015068;0.25389245;0.21383761;0.00154894;0.00145814;0.23782876;0.17200993;1.11653;1.11645;-1
2016;3;14;2;0;0;1;0.00143433;0.00153671;0.20301326;0.22790947;0.00155275;0.0015068;0.24309965;0.21203881;1.11525;1.11517;-1
2016;3;14;3;0;0;1;0.00133239;0.00153785;0.13018066;0.20972397;0.00143433;0.00153671;0.20206754;0.22775185;1.11535;1.11527;-1
2016;3;14;4;0;0;1;0.00127563;0.00150304;0.05065778;0.16062734;0.00133239;0.00153785;0.13293576;0.21018315;1.11582;1.11574;-1
2016;3;14;5;0;0;1;0.00121902;0.00146032;0.00140718;0.09510812;0.00127563;0.00150304;0.05065123;0.16062625;1.11583;1.11575;-1
2016;3;14;6;0;0;1;0.00120225;0.00141199;0.0062268;0.04230527;0.00121902;0.00146032;0.00668329;0.09598747;1.11637;1.11629;-1
2016;3;14;7;0;0;1;0.00113233;0.00135803;0.0230446;0.01439196;0.00120225;0.00141199;-0.00035532;0.04120825;1.11583;1.11575;-1
2016;3;14;8;0;0;1;0.00101839;0.00130178;0.02793767;0.01058374;0.00113233;0.00135803;0.01479605;0.0130172;1.11527;1.11519;-1
2016;3;14;9;0;0;1;0.00083534;0.00122249;-0.04306284;0.00189506;0.00101839;0.00130178;0.01259821;0.00802716;1.11421;1.11413;1
2016;3;14;10;0;0;1;0.00047261;0.00110248;-0.20128967;-0.05203277;0.00083534;0.00122249;-0.07544972;-0.00350275;1.11156;1.11148;1
2016;3;14;11;0;0;1;0.00025642;0.0009716;-0.25687853;-0.1271688;0.00047261;0.00110248;-0.18391651;-0.04913725;1.1125;1.11242;1
2016;3;14;12;0;0;1;-0.00000842;0.00082262;-0.28731429;-0.20971342;0.00025642;0.0009716;-0.26384174;-0.12832933;1.11135;1.11127;1
2016;3;14;13;0;0;1;-0.00026128;0.00065185;-0.28489504;-0.26202402;-0.00000842;0.00082262;-0.28782453;-0.20979846;1.11078;1.1107;1
2016;3;14;14;0;0;1;-0.00030964;0.000482;-0.22672984;-0.26345173;-0.00026128;0.00065185;-0.25724486;-0.25741565;1.1126;1.11252;1
2016;3;14;15;0;0;1;-0.00046206;0.00029708;-0.22819088;-0.24993383;-0.00030964;0.000482;-0.23454894;-0.26475491;1.11113;1.11105;1
2016;3;14;16;0;0;1;-0.00066237;0.00009767;-0.24670195;-0.23945675;-0.00046206;0.00029708;-0.2318479;-0.25054334;1.11008;1.11;1
2016;3;14;17;0;0;1;-0.00076469;-0.00010045;-0.24152762;-0.23641126;-0.00066237;0.00009767;-0.23934759;-0.23823102;1.11069;1.11061;1
2016;3;14;18;0;0;1;-0.000884;-0.00029149;-0.22640835;-0.23692687;-0.00076469;-0.00010045;-0.24230489;-0.2365408;1.11004;1.10996;1
2016;3;14;19;0;0;1;-0.00108866;-0.00046497;-0.21559893;-0.23437752;-0.000884;-0.00029149;-0.23335443;-0.23808455;1.10852;1.10844;1
2016;3;14;20;0;0;1;-0.001168;-0.00062323;-0.17737511;-0.21677976;-0.00108866;-0.00046497;-0.20714485;-0.23296851;1.10938;1.1093;1
2016;3;14;21;0;0;1;-0.00118653;-0.00075414;-0.13517865;-0.18843835;-0.001168;-0.00062323;-0.17390367;-0.21620119;1.10977;1.10969;1
2016;3;14;22;0;0;1;-0.00115004;-0.00085289;-0.08987476;-0.15103104;-0.00118653;-0.00075414;-0.13067966;-0.18768852;1.11014;1.11006;1
2016;3;14;23;0;0;1;-0.00110993;-0.00094181;-0.07784591;-0.11519311;-0.00115004;-0.00085289;-0.08902489;-0.1508894;1.11022;1.11014;1
2016;3;15;0;0;0;2;-0.0010539;-0.00100757;-0.07443271;-0.08921181;-0.00110993;-0.00094181;-0.07605435;-0.11489452;1.11036;1.11028;1
2016;3;15;1;0;0;2;-0.00102351;-0.0010477;-0.08144999;-0.07950985;-0.0010539;-0.00100757;-0.07723775;-0.08967931;1.11006;1.10998;1
2016;3;15;2;0;0;2;-0.00099443;-0.00107322;-0.06937088;-0.07727736;-0.00102351;-0.0010477;-0.08188173;-0.0795818;1.10995;1.10987;1
2016;3;15;3;0;0;2;-0.00088293;-0.0010731;0.00306256;-0.05830238;-0.00099443;-0.00107322;-0.05593782;-0.07503852;1.11093;1.11085;1
2016;3;15;4;0;0;2;-0.00077514;-0.00103827;0.08550914;-0.0164095;-0.00088293;-0.0010731;0.00489561;-0.05799687;1.11104;1.11096;1
2016;3;15;5;0;0;2;-0.00068504;-0.0009846;0.1693256;0.04840551;-0.00077514;-0.00103827;0.08362704;-0.01672318;1.11102;1.11094;1
2016;3;15;6;0;0;2;-0.00062819;-0.00092257;0.20828233;0.11773298;-0.00068504;-0.0009846;0.16298293;0.0473484;1.11076;1.11068;1
2016;3;15;7;0;0;2;-0.00058207;-0.00085946;0.17403616;0.16500805;-0.00062819;-0.00092257;0.20320963;0.11688753;1.11068;1.1106;1
2016;3;15;8;0;0;2;-0.00054329;-0.0007965;0.10788941;0.16989759;-0.00058207;-0.00085946;0.17104696;0.16450985;1.11063;1.11055;1
2016;3;15;9;0;0;2;-0.00043413;-0.00072764;0.10821455;0.14842432;-0.00054329;-0.0007965;0.11851391;0.17166834;1.11153;1.11145;1
2016;3;15;10;0;0;2;-0.00037955;-0.00065608;0.09161541;0.11572038;-0.00043413;-0.00072764;0.09731605;0.1466079;1.11109;1.11101;1
2016;3;15;11;0;0;2;-0.00062283;-0.00061479;-0.06246773;0.05197864;-0.00037955;-0.00065608;0.03059679;0.10555061;1.10743;1.10735;1
2016;3;15;12;0;0;2;-0.00072019;-0.00059671;-0.1076385;-0.00724237;-0.00062283;-0.00061479;-0.04716267;0.05452948;1.10852;1.10844;1
2016;3;15;13;0;0;2;-0.00069652;-0.00058798;-0.09444965;-0.05735874;-0.00072019;-0.00059671;-0.09298713;-0.00480047;1.10968;1.1096;1
2016;3;15;14;0;0;2;-0.00051608;-0.0005692;-0.01864536;-0.06590979;-0.00069652;-0.00058798;-0.07183821;-0.05359017;1.11159;1.11151;1
2016;3;15;15;0;0;2;-0.00049247;-0.00055412;-0.02126005;-0.05378086;-0.00051608;-0.0005692;-0.03238078;-0.06819902;1.11008;1.11;1
2016;3;15;16;0;0;2;-0.00056967;-0.00055275;-0.05383779;-0.04226059;-0.00049247;-0.00055412;-0.031563;-0.05549802;1.1088;1.10872;1
2016;3;15;17;0;0;2;-0.00043142;-0.00054032;-0.02165327;-0.0310052;-0.00056967;-0.00055275;-0.03443558;-0.03902689;1.11119;1.11111;1
2016;3;15;18;0;0;2;-0.00044103;-0.00054108;-0.03013772;-0.03241087;-0.00043142;-0.00054032;-0.03194666;-0.03272076;1.10966;1.10958;1
2016;3;15;19;0;0;2;-0.00032786;-0.00053534;-0.01332549;-0.02534661;-0.00044103;-0.00054108;-0.02021263;-0.03075668;1.11112;1.11104;1
2016;3;15;20;0;0;2;-0.00024983;-0.0004939;0.01016082;-0.01518005;-0.00032786;-0.00053534;-0.01443459;-0.02553146;1.11092;1.11084;1
2016;3;15;21;0;0;2;-0.00019302;-0.00043532;0.06080791;0.0051402;-0.00024983;-0.0004939;0.00955755;-0.01528059;1.11083;1.11075;1
2016;3;15;22;0;0;2;-0.00014312;-0.00037383;0.09731518;0.03729058;-0.00019302;-0.00043532;0.0608739;0.0051512;1.1109;1.11082;1
2016;3;15;23;0;0;2;-0.00012313;-0.00033017;0.07540545;0.06605065;-0.00014312;-0.00037383;0.09479654;0.03687081;1.11062;1.11054;1
2016;3;16;0;0;0;3;-0.0000973;-0.00028626;0.02824755;0.07173348;-0.00012313;-0.00033017;0.07584316;0.0661236;1.11073;1.11065;1
2016;3;16;1;0;0;3;-0.00007515;-0.00023132;0.02492439;0.05464902;-0.0000973;-0.00028626;0.02824344;0.07173279;1.11075;1.11067;1
2016;3;16;2;0;0;3;-0.00005774;-0.0001898;0.04539981;0.03776513;-0.00007515;-0.00023132;0.02443047;0.0545667;1.11071;1.11063;1
2016;3;16;3;0;0;3;-0.00007056;-0.00014863;0.04985539;0.03480657;-0.00005774;-0.0001898;0.04093984;0.0370218;1.11039;1.11031;1
2016;3;16;4;0;0;3;-0.00009815;-0.00012311;0.00583596;0.03407982;-0.00007056;-0.00014863;0.04616642;0.03419175;1.11015;1.11007;1
2016;3;16;5;0;0;3;-0.00012184;-0.00010889;-0.04597908;0.01631811;-0.00009815;-0.00012311;0.00530752;0.03399175;1.11012;1.11004;1
2016;3;16;6;0;0;3;-0.0001438;-0.00010342;-0.08069815;-0.01955519;-0.00012184;-0.00010889;-0.04670723;0.01619675;1.11006;1.10998;1
2016;3;16;7;0;0;3;-0.00018967;-0.00010859;-0.13868941;-0.06691708;-0.0001438;-0.00010342;-0.08735306;-0.02066434;1.10969;1.10961;1
2016;3;16;8;0;0;3;-0.00026255;-0.00012408;-0.17586055;-0.11461811;-0.00018967;-0.00010859;-0.14521739;-0.06800507;1.10919;1.10911;1
2016;3;16;9;0;0;3;-0.00035414;-0.00015262;-0.21320949;-0.15892338;-0.00026255;-0.00012408;-0.18127148;-0.11551994;1.10872;1.10864;1
2016;3;16;10;0;0;3;-0.00041788;-0.0001907;-0.21212121;-0.18851359;-0.00035414;-0.00015262;-0.2056;-0.15765513;1.10877;1.10869;1
2016;3;16;11;0;0;3;-0.0004104;-0.00022989;-0.17178895;-0.19299886;-0.00041788;-0.0001907;-0.19686636;-0.18597112;1.10944;1.10936;1
2016;3;16;12;0;0;3;-0.00045012;-0.00027206;-0.1706817;-0.18794834;-0.0004104;-0.00022989;-0.17883781;-0.19417367;1.10879;1.10871;1
2016;3;16;13;0;0;3;-0.00045777;-0.00031202;-0.15015868;-0.17182522;-0.00045012;-0.00027206;-0.16312531;-0.18668894;1.10903;1.10895;1
2016;3;16;14;0;0;3;-0.00050002;-0.00035404;-0.14660328;-0.15947362;-0.00045777;-0.00031202;-0.152575;-0.17222794;1.10851;1.10843;1
2016;3;16;15;0;0;3;-0.00069814;-0.00041563;-0.20255102;-0.1682525;-0.00050002;-0.00035404;-0.16934433;-0.1632638;1.1064;1.10632;1
2016;3;16;16;0;0;3;-0.00083504;-0.00048734;-0.22006291;-0.18451881;-0.00069814;-0.00041563;-0.19789315;-0.16747619;1.1065;1.10642;1
2016;3;16;17;0;0;3;-0.00085539;-0.00055321;-0.17758745;-0.19208905;-0.00083504;-0.00048734;-0.20490811;-0.18199301;1.10747;1.10739;1
2016;3;16;18;0;0;3;-0.00082251;-0.00060525;-0.11100302;-0.17600787;-0.00085539;-0.00055321;-0.16866741;-0.19060238;1.10796;1.10788;1
2016;3;16;19;0;0;3;-0.0007427;-0.00064134;-0.05097132;-0.13332005;-0.00082251;-0.00060525;-0.10335302;-0.17473287;1.10888;1.1088;1
2016;3;16;20;0;0;3;0.00021935;-0.00057137;0.19689922;-0.01525533;-0.0007427;-0.00064134;0.04347113;-0.11757964;1.1197;1.11962;1
2016;3;16;21;0;0;3;0.00124421;-0.00038311;0.32980268;0.12314519;0.00021935;-0.00057137;0.2127396;-0.01261526;1.1231;1.12302;1
2016;3;16;22;0;0;3;0.00198033;-0.00011221;0.37049196;0.2478527;0.00124421;-0.00038311;0.32383696;0.1221509;1.12241;1.12233;1
2016;3;16;23;0;0;3;0.00243877;0.00021432;0.35859371;0.32373186;0.00198033;-0.00011221;0.36169195;0.24638603;1.12128;1.1212;1
2016;3;17;0;0;0;4;0.00279648;0.00060261;0.37260564;0.3560818;0.00243877;0.00021432;0.35833216;0.32368826;1.12156;1.12148;1
2016;3;17;1;0;0;4;0.00304886;0.00103416;0.41298662;0.37241051;0.00279648;0.00060261;0.37156007;0.35590754;1.12165;1.12157;1
2016;3;17;2;0;0;4;0.00316558;0.00148093;0.4416549;0.39283416;0.00304886;0.00103416;0.40694888;0.37140422;1.12108;1.121;1
2016;3;17;3;0;0;4;0.00324249;0.0019326;0.44854598;0.41899856;0.00316558;0.00148093;0.43999377;0.39255731;1.12136;1.12128;1
2016;3;17;4;0;0;4;0.00332562;0.00238463;0.44948804;0.43917849;0.00324249;0.0019326;0.44932324;0.4191281;1.12208;1.122;1
2016;3;17;5;0;0;4;0.00336562;0.00273422;0.42288049;0.44250139;0.00332562;0.00238463;0.44674379;0.43872112;1.12225;1.12217;1
2016;3;17;6;0;0;4;0.0033267;0.00296561;0.3252652;0.41746459;0.00336562;0.00273422;0.41835575;0.44174727;1.12183;1.12175;1
2016;3;17;7;0;0;4;0.00326706;0.00310858;0.1511084;0.34708841;0.0033267;0.00296561;0.32398338;0.41725095;1.12196;1.12188;1
2016;3;17;8;0;0;4;0.0032932;0.00320351;0.04654791;0.23964883;0.00326706;0.00310858;0.16251126;0.34898889;1.12332;1.12324;-1
2016;3;17;9;0;0;4;0.00348913;0.00328047;0.18649141;0.16540154;0.0032932;0.00320351;0.07845595;0.24496683;1.12599;1.12591;-1
2016;3;17;10;0;0;4;0.0038414;0.00336853;0.36308453;0.18496266;0.00348913;0.00328047;0.21363412;0.16992532;1.12899;1.12891;-1
2016;3;17;11;0;0;4;0.00414621;0.00347749;0.43880157;0.27806176;0.0038414;0.00336853;0.36192241;0.18476897;1.1299;1.12982;-1
2016;3;17;12;0;0;4;0.00454119;0.00362179;0.48788751;0.38573014;0.00414621;0.00347749;0.4445072;0.2790127;1.13245;1.13237;-1
2016;3;17;13;0;0;4;0.00481644;0.00378744;0.49836855;0.45178812;0.00454119;0.00362179;0.48071167;0.38453417;1.13268;1.1326;-1
2016;3;17;14;0;0;4;0.00478097;0.0039447;0.40107468;0.45465765;0.00481644;0.00378744;0.46047032;0.44547175;1.13022;1.13014;-1
2016;3;17;15;0;0;4;0.00490531;0.0041201;0.37594554;0.43323101;0.00478097;0.0039447;0.4108941;0.45629422;1.13277;1.13269;-1
2016;3;17;16;0;0;4;0.00485029;0.00429602;0.33559166;0.38958917;0.00490531;0.0041201;0.35984242;0.43054716;1.1316;1.13152;-1
2016;3;17;17;0;0;4;0.00475351;0.00445827;0.31008376;0.35029176;0.00485029;0.00429602;0.33054393;0.38874788;1.13161;1.13153;-1
2016;3;17;18;0;0;4;0.00469691;0.00459247;0.28202054;0.3212442;0.00475351;0.00445827;0.31225717;0.350654;1.13256;1.13248;-1
2016;3;17;19;0;0;4;0.0045424;0.00467036;0.22678047;0.28911292;0.00469691;0.00459247;0.27641939;0.32031067;1.1318;1.13172;-1
2016;3;17;20;0;0;4;0.00437356;0.00469562;0.16155894;0.2463375;0.0045424;0.00467036;0.22568506;0.28893035;1.13187;1.13179;-1
2016;3;17;21;0;0;4;0.00418905;0.00465649;0.09168734;0.19012406;0.00437356;0.00469562;0.16063374;0.2461833;1.13182;1.13174;-1
2016;3;17;22;0;0;4;0.00399356;0.00456506;0.03162028;0.12682169;0.00418905;0.00465649;0.09117865;0.19003927;1.13177;1.13169;-1
2016;3;17;23;0;0;4;0.00376936;0.00445266;-0.00256311;0.06655064;0.00399356;0.00456506;0.02943794;0.12645796;1.13148;1.1314;-1
2016;3;18;0;0;0;5;0.00355873;0.00430304;-0.01138829;0.02251792;0.00376936;0.00445266;-0.00177936;0.06668126;1.13156;1.13148;-1
2016;3;18;1;0;0;5;0.00335235;0.0041366;-0.00625877;-0.00047087;0.00355873;0.00430304;-0.01122284;0.0225455;1.13156;1.13148;-1
2016;3;18;2;0;0;5;0.00316921;0.00396057;-0.00182339;-0.00562113;0.00335235;0.0041366;-0.00383918;-0.00006761;1.13177;1.13169;-1
2016;3;18;3;0;0;5;0.00305821;0.00377849;0.02576867;0.00423256;0.00316921;0.00396057;0.00926396;-0.00377324;1.13265;1.13257;-1
2016;3;18;4;0;0;5;0.00289331;0.00359526;0.03339605;0.01380499;0.00305821;0.00377849;0.01737258;0.00283322;1.13206;1.13198;-1
2016;3;18;5;0;0;5;0.00271759;0.00341126;0.01760158;0.0206172;0.00289331;0.00359526;0.03104626;0.01341336;1.13193;1.13185;-1
2016;3;18;6;0;0;5;0.00249709;0.00322327;-0.02105263;0.01200335;0.00271759;0.00341126;0.00680382;0.01881758;1.13127;1.13119;-1
2016;3;18;7;0;0;5;0.00228152;0.00303304;-0.04263302;-0.00750044;0.00249709;0.00322327;-0.02351176;0.0115935;1.1311;1.13102;-1
2016;3;18;8;0;0;5;0.00196457;0.00283251;-0.12272655;-0.04923022;0.00228152;0.00303304;-0.06621755;-0.01143119;1.12958;1.1295;-1
2016;3;18;9;0;0;5;0.00159335;0.00261413;-0.19902235;-0.10498281;0.00196457;0.00283251;-0.13746385;-0.05168644;1.1283;1.12822;-1
2016;3;18;10;0;0;5;0.00113358;0.0023676;-0.27198246;-0.17325148;0.00159335;0.00261413;-0.21319059;-0.10734419;1.1264;1.12632;-1
2016;3;18;11;0;0;5;0.00082745;0.00210741;-0.25900633;-0.2217891;0.00113358;0.0023676;-0.25394163;-0.17024467;1.12726;1.12718;-1
2016;3;18;12;0;0;5;0.00052553;0.001826;-0.2729442;-0.25287917;0.00082745;0.00210741;-0.26162847;-0.22222613;1.1266;1.12652;-1
2016;3;18;13;0;0;5;0.00036276;0.00154483;-0.25653798;-0.25862685;0.00052553;0.001826;-0.25901226;-0.25055718;1.1276;1.12752;-1
2016;3;18;14;0;0;5;0.00028057;0.00127405;-0.22852934;-0.25025649;0.00036276;0.00154483;-0.24667832;-0.25698357;1.12822;1.12814;-1
2016;3;18;15;0;0;5;0.00028237;0.00102797;-0.16750226;-0.22546193;0.00028057;0.00127405;-0.21645022;-0.24824331;1.12906;1.12898;-1
2016;3;18;16;0;0;5;0.00033002;0.00081113;-0.10518688;-0.18366137;0.00028237;0.00102797;-0.15860129;-0.22397844;1.12975;1.12967;-1
2016;3;18;17;0;0;5;0.00032212;0.00062864;-0.07304602;-0.13716269;0.00033002;0.00081113;-0.10813866;-0.18415333;1.12921;1.12913;-1
2016;3;18;18;0;0;5;0.00016388;0.00046981;-0.07714306;-0.10377705;0.00032212;0.00062864;-0.08532031;-0.1392084;1.12733;1.12725;-1
2016;3;18;19;0;0;5;0.00005159;0.00034959;-0.0514853;-0.08015404;0.00016388;0.00046981;-0.07532983;-0.10347484;1.12751;1.12743;-1
2016;3;18;20;0;0;5;-0.00008164;0.00024858;-0.025735;-0.06200727;0.00005159;0.00034959;-0.05516432;-0.08076721;1.12694;1.12686;-1
2016;3;18;21;0;0;5;-0.00014042;0.00017458;0.01256499;-0.03587006;-0.00008164;0.00024858;-0.02106343;-0.06122867;1.12749;1.12741;-1
2016;3;20;23;0;0;0;-0.0002463;0.00010691;0.00183251;-0.01394245;-0.00014042;0.00017458;0.00590198;-0.03698056;1.12698;1.1269;-1
2016;3;21;0;0;0;1;-0.00027539;0.00004513;-0.01655316;-0.00252232;-0.0002463;0.00010691;0.00533937;-0.01335798;1.12737;1.12729;-1
2016;3;21;1;0;0;1;-0.00028548;-0.00001796;-0.0477086;-0.01027966;-0.00027539;0.00004513;-0.01527504;-0.0023093;1.12749;1.12741;-1
2016;3;21;2;0;0;1;-0.00026779;-0.00008438;-0.08449809;-0.03308802;-0.00028548;-0.00001796;-0.04440966;-0.00972984;1.12776;1.12768;-1
2016;3;21;3;0;0;1;-0.00021179;-0.00014371;-0.10328421;-0.06075908;-0.00026779;-0.00008438;-0.07858794;-0.032103;1.12826;1.12818;-1
2016;3;21;4;0;0;1;-0.00017826;-0.00018172;-0.09424423;-0.08412166;-0.00021179;-0.00014371;-0.10445008;-0.06095339;1.1281;1.12802;-1
2016;3;21;5;0;0;1;-0.00021697;-0.00021156;-0.07921781;-0.09574913;-0.00017826;-0.00018172;-0.10389444;-0.08573002;1.12726;1.12718;-1
2016;3;21;6;0;0;1;-0.00026956;-0.00023244;-0.05735585;-0.08907604;-0.00021697;-0.00021156;-0.08243072;-0.09628462;1.12695;1.12687;-1
2016;3;21;7;0;0;1;-0.00031088;-0.00025138;-0.05176282;-0.0725319;-0.00026956;-0.00023244;-0.05733634;-0.08907279;1.12693;1.12685;-1
2016;3;21;8;0;0;1;-0.0003756;-0.00026575;-0.07243527;-0.06428166;-0.00031088;-0.00025138;-0.05807566;-0.07358404;1.12648;1.1264;-1
2016;3;21;9;0;0;1;-0.00053771;-0.00029489;-0.14688097;-0.08443561;-0.0003756;-0.00026575;-0.09312253;-0.06772954;1.12502;1.12494;-1
2016;3;21;10;0;0;1;-0.00066177;-0.0003367;-0.18892847;-0.11973214;-0.00053771;-0.00029489;-0.14257182;-0.08371742;1.12496;1.12488;-1
2016;3;21;11;0;0;1;-0.00067086;-0.00038149;-0.1557995;-0.14449543;-0.00066177;-0.0003367;-0.16645345;-0.1159863;1.12601;1.12593;-1
2016;3;21;12;0;0;1;-0.00048686;-0.00041205;-0.05478649;-0.12888872;-0.00067086;-0.00038149;-0.12153355;-0.13878444;1.12829;1.12821;-1
2016;3;21;13;0;0;1;-0.00040496;-0.00043724;-0.03499019;-0.09540273;-0.00048686;-0.00041205;-0.06395282;-0.13041644;1.12741;1.12733;-1
2016;3;21;14;0;0;1;-0.00042313;-0.00046015;-0.0614359;-0.06706445;-0.00040496;-0.00043724;-0.04575583;-0.097197;1.12636;1.12628;-1
2016;3;21;15;0;0;1;-0.00045409;-0.00048065;-0.07798876;-0.0599728;-0.00042313;-0.00046015;-0.06319179;-0.0673571;1.12607;1.12599;-1
2016;3;21;16;0;0;1;-0.00049789;-0.00050143;-0.07390237;-0.06745596;-0.00045409;-0.00048065;-0.079347;-0.06019917;1.12578;1.1257;-1
2016;3;21;17;0;0;1;-0.00050659;-0.00051599;-0.05461751;-0.0696189;-0.00049789;-0.00050143;-0.07060506;-0.06690641;1.12599;1.12591;-1
2016;3;21;18;0;0;1;-0.00064564;-0.00052798;-0.07033185;-0.07117545;-0.00050659;-0.00051599;-0.06808187;-0.07186296;1.12428;1.1242;-1
2016;3;21;19;0;0;1;-0.00070176;-0.00053242;-0.04945055;-0.06430238;-0.00064564;-0.00052798;-0.06479746;-0.07025305;1.12485;1.12477;-1
2016;3;21;20;0;0;1;-0.0007122;-0.00053701;-0.02701544;-0.05294564;-0.00070176;-0.00053242;-0.0464908;-0.06380908;1.12517;1.12509;-1
2016;3;21;21;0;0;1;-0.00077528;-0.00056906;-0.064959;-0.04826145;-0.0007122;-0.00053701;-0.03341532;-0.05401228;1.1244;1.12432;-1
2016;3;21;22;0;0;1;-0.00085257;-0.0006188;-0.15415375;-0.06751624;-0.00077528;-0.00056906;-0.06881111;-0.04890347;1.12397;1.12389;-1
2016;3;21;23;0;0;1;-0.0009034;-0.00067216;-0.21898845;-0.11636555;-0.00085257;-0.0006188;-0.15408367;-0.06750455;1.12393;1.12385;-1
2016;3;22;0;0;0;2;-0.00092336;-0.0007243;-0.21735547;-0.17109459;-0.0009034;-0.00067216;-0.21611682;-0.11588695;1.12404;1.12396;-1
2016;3;22;1;0;0;2;-0.00096836;-0.00077658;-0.20229008;-0.20509424;-0.00092336;-0.0007243;-0.22097902;-0.17169852;1.12354;1.12346;-1
2016;3;22;2;0;0;2;-0.00097903;-0.00082907;-0.19565815;-0.20803596;-0.00096836;-0.00077658;-0.19724138;-0.20425279;1.12371;1.12363;-1
2016;3;22;3;0;0;2;-0.00096745;-0.00086482;-0.17834681;-0.19616584;-0.00097903;-0.00082907;-0.19159322;-0.20735847;1.12381;1.12373;-1
2016;3;22;4;0;0;2;-0.00087236;-0.00088378;-0.0964303;-0.1664957;-0.00096745;-0.00086482;-0.16105805;-0.19328438;1.12477;1.12469;-1
2016;3;22;5;0;0;2;-0.0006922;-0.00088156;0.02260078;-0.10703848;-0.00087236;-0.00088378;-0.07556118;-0.16301751;1.12594;1.12586;-1
2016;3;22;6;0;0;2;-0.00061495;-0.00086374;0.04708098;-0.0416467;-0.0006922;-0.00088156;0.00760959;-0.10953701;1.12505;1.12497;-1
2016;3;22;7;0;0;2;-0.00051871;-0.00082665;0.06956814;0.01892028;-0.00061495;-0.00086374;0.05214775;-0.04080224;1.1254;1.12532;-1
2016;3;22;8;0;0;2;-0.00043739;-0.00077487;0.10539461;0.05923183;-0.00051871;-0.00082665;0.06904564;0.01883319;1.12542;1.12534;-1
2016;3;22;9;0;0;2;-0.00047958;-0.00072556;0.06777795;0.06965224;-0.00043739;-0.00077487;0.07994821;0.05499077;1.12403;1.12395;-1
2016;3;22;10;0;0;2;-0.00081429;-0.00070844;-0.11247846;0.02162033;-0.00047958;-0.00072556;0.0066292;0.05946078;1.12011;1.12003;1
2016;3;22;11;0;0;2;-0.00103533;-0.00071469;-0.16812318;-0.04716748;-0.00081429;-0.00070844;-0.10404416;0.02302605;1.12057;1.12049;1
2016;3;22;12;0;0;2;-0.00114008;-0.00073388;-0.15234483;-0.11110659;-0.00103533;-0.00071469;-0.15641779;-0.04521658;1.12128;1.1212;1
2016;3;22;13;0;0;2;-0.00114853;-0.00076456;-0.11647927;-0.13658599;-0.00114008;-0.00073388;-0.14307847;-0.1095622;1.12206;1.12198;1
2016;3;22;14;0;0;2;-0.00110856;-0.00081082;-0.11338354;-0.12983174;-0.00114853;-0.00076456;-0.1115161;-0.13575879;1.12247;1.12239;1
2016;3;22;15;0;0;2;-0.00106222;-0.00086052;-0.12223393;-0.11810687;-0.00110856;-0.00081082;-0.11014831;-0.12929254;1.12247;1.12239;1
2016;3;22;16;0;0;2;-0.00095716;-0.00090924;-0.11020534;-0.11173003;-0.00106222;-0.00086052;-0.11418107;-0.11676472;1.12322;1.12314;-1
2016;3;22;17;0;0;2;-0.00089825;-0.00096045;-0.10678888;-0.11171338;-0.00095716;-0.00090924;-0.11249048;-0.11211089;1.12277;1.12269;1
2016;3;22;18;0;0;2;-0.00098146;-0.00101621;-0.13119008;-0.11762925;-0.00089825;-0.00096045;-0.11771169;-0.11353385;1.12103;1.12095;1
2016;3;22;19;0;0;2;-0.0009525;-0.00103157;-0.09287791;-0.11419733;-0.00098146;-0.00101621;-0.12219611;-0.11613025;1.12207;1.12199;1
2016;3;22;20;0;0;2;-0.00093651;-0.00102059;-0.02392492;-0.09548855;-0.0009525;-0.00103157;-0.09345123;-0.11429289;1.12186;1.12178;1
2016;3;22;21;0;0;2;-0.00093006;-0.00099725;0.0363947;-0.05393753;-0.00093651;-0.00102059;-0.02546066;-0.0957445;1.12163;1.12155;1
2016;3;22;22;0;0;2;-0.00091042;-0.0009708;0.04215677;-0.00483257;-0.00093006;-0.00099725;0.03661017;-0.05390162;1.12168;1.1216;1
2016;3;22;23;0;0;2;-0.00089583;-0.00094716;0.00130785;0.02172426;-0.00091042;-0.0009708;0.04063901;-0.00508553;1.12156;1.12148;1
2016;3;23;0;0;0;3;-0.00086142;-0.00092485;-0.02973856;0.01562531;-0.00089583;-0.00094716;0.00280112;0.02197314;1.12172;1.12164;1
2016;3;23;1;0;0;3;-0.00079035;-0.00090631;-0.0445706;-0.00804768;-0.00086142;-0.00092485;-0.02497837;0.01641868;1.12213;1.12205;1
2016;3;23;2;0;0;3;-0.0007799;-0.00089316;-0.08308843;-0.03901305;-0.00079035;-0.00090631;-0.05191712;-0.0092721;1.12145;1.12137;1
2016;3;23;3;0;0;3;-0.00076282;-0.00086887;-0.08862629;-0.06361715;-0.0007799;-0.00089316;-0.08213199;-0.03885364;1.12144;1.12136;1
2016;3;23;4;0;0;3;-0.00073278;-0.00084446;-0.06117065;-0.07498116;-0.00076282;-0.00086887;-0.08626761;-0.06322404;1.12156;1.12148;1
2016;3;23;5;0;0;3;-0.00073758;-0.00082235;-0.05226546;-0.07386044;-0.00073278;-0.00084446;-0.068115;-0.07613855;1.12111;1.12103;1
2016;3;23;6;0;0;3;-0.00077681;-0.00080532;-0.10441767;-0.07514908;-0.00073758;-0.00082235;-0.06198961;-0.07548113;1.12056;1.12048;1
2016;3;23;7;0;0;3;-0.00080109;-0.00079318;-0.15654952;-0.09274836;-0.00077681;-0.00080532;-0.10392321;-0.07506667;1.12053;1.12045;1
2016;3;23;8;0;0;3;-0.00090192;-0.00079385;-0.23127109;-0.14243224;-0.00080109;-0.00079318;-0.17674316;-0.09611396;1.11937;1.11929;1
2016;3;23;9;0;0;3;-0.00099777;-0.000809;-0.2770885;-0.1990505;-0.00090192;-0.00079385;-0.22990249;-0.14220414;1.11903;1.11895;1
2016;3;23;10;0;0;3;-0.00109659;-0.00084303;-0.32010532;-0.25208694;-0.00099777;-0.000809;-0.27793408;-0.19919143;1.1186;1.11852;1
2016;3;23;11;0;0;3;-0.00113439;-0.00088242;-0.31092586;-0.28532794;-0.00109659;-0.00084303;-0.30763556;-0.25000864;1.11893;1.11885;1
2016;3;23;12;0;0;3;-0.00110402;-0.00092033;-0.24975256;-0.28727453;-0.00113439;-0.00088242;-0.29034471;-0.28189775;1.11952;1.11944;1
2016;3;23;13;0;0;3;-0.00109237;-0.00096028;-0.2144085;-0.26709527;-0.00110402;-0.00092033;-0.24991907;-0.28730228;1.11922;1.11914;1
2016;3;23;14;0;0;3;-0.00125108;-0.00101734;-0.26990238;-0.25632601;-0.00109237;-0.00096028;-0.23893541;-0.27118309;1.11695;1.11687;1
2016;3;23;15;0;0;3;-0.00124789;-0.00106968;-0.22055225;-0.23793413;-0.00125108;-0.00101734;-0.23963134;-0.25128083;1.11832;1.11824;1
2016;3;23;16;0;0;3;-0.00124633;-0.00111915;-0.17299752;-0.22105924;-0.00124789;-0.00106968;-0.21757991;-0.23743874;1.11819;1.11811;1
2016;3;23;17;0;0;3;-0.00128514;-0.00116173;-0.14436002;-0.19577842;-0.00124633;-0.00111915;-0.17775966;-0.22185293;1.11755;1.11747;1
2016;3;23;18;0;0;3;-0.00134877;-0.00120073;-0.14244906;-0.16869524;-0.00128514;-0.00116173;-0.14831159;-0.19643701;1.11693;1.11685;1
2016;3;23;19;0;0;3;-0.0012636;-0.00121929;-0.08520053;-0.13535207;-0.00134877;-0.00120073;-0.12626452;-0.16599782;1.11842;1.11834;1
2016;3;23;20;0;0;3;-0.00119523;-0.00122605;-0.04699464;-0.10339689;-0.0012636;-0.00121929;-0.08627304;-0.13553082;1.11824;1.11816;1
2016;3;23;21;0;0;3;-0.00117271;-0.00123368;-0.0544574;-0.07617674;-0.00119523;-0.00122605;-0.05189621;-0.10421382;1.11769;1.11761;1
2016;3;23;22;0;0;3;-0.0011098;-0.00123562;-0.06866646;-0.05977887;-0.00117271;-0.00123368;-0.04997066;-0.07542895;1.11798;1.1179;1
2016;3;23;23;0;0;3;-0.00104866;-0.00121313;-0.05205656;-0.05633493;-0.0011098;-0.00123562;-0.06705775;-0.05951076;1.1181;1.11802;1
2016;3;24;0;0;0;4;-0.00097445;-0.00118274;-0.00818311;-0.04874174;-0.00104866;-0.00121313;-0.05009059;-0.05600727;1.11827;1.11819;1
2016;3;24;1;0;0;4;-0.0009403;-0.00114874;0.00644807;-0.03127117;-0.00097445;-0.00118274;-0.01341808;-0.04961424;1.11782;1.11774;1
2016;3;24;2;0;0;4;-0.00088927;-0.00110476;0.00907668;-0.00842585;-0.0009403;-0.00114874;0.00864748;-0.0309046;1.118;1.11792;1
2016;3;24;3;0;0;4;-0.00091494;-0.00105655;-0.02596976;-0.0056154;-0.00088927;-0.00110476;-0.00579976;-0.01090526;1.11705;1.11697;1
2016;3;24;4;0;0;4;-0.00091744;-0.00101809;-0.03072197;-0.01371869;-0.00091494;-0.00105655;-0.02431907;-0.00534028;1.11712;1.11704;1
2016;3;24;5;0;0;4;-0.00086587;-0.00098149;-0.03176303;-0.02137197;-0.00091744;-0.00101809;-0.02101547;-0.01210094;1.11766;1.11758;1
2016;3;24;6;0;0;4;-0.00085309;-0.00094598;-0.06245421;-0.0345553;-0.00086587;-0.00098149;-0.0392638;-0.0226221;1.1172;1.11712;1
2016;3;24;7;0;0;4;-0.00081501;-0.00091323;-0.0652616;-0.04662869;-0.00085309;-0.00094598;-0.05748373;-0.03372689;1.11742;1.11734;1
2016;3;24;8;0;0;4;-0.00082375;-0.00088824;-0.09040895;-0.06568419;-0.00081501;-0.00091323;-0.07473245;-0.04820716;1.11683;1.11675;1
2016;3;24;9;0;0;4;-0.00087945;-0.00087768;-0.15032906;-0.09302156;-0.00082375;-0.00088824;-0.10042583;-0.06735367;1.11611;1.11603;1
2016;3;24;10;0;0;4;-0.00087556;-0.00087049;-0.14775805;-0.11581636;-0.00087945;-0.00087768;-0.135778;-0.09059638;1.11659;1.11651;1
2016;3;24;11;0;0;4;-0.00082665;-0.00086353;-0.10943036;-0.12647558;-0.00087556;-0.00087049;-0.13872064;-0.11431013;1.11702;1.11694;1
2016;3;24;12;0;0;4;-0.00079326;-0.00085001;-0.07311321;-0.11711638;-0.00082665;-0.00086353;-0.1081829;-0.12626767;1.11685;1.11677;1
2016;3;24;13;0;0;4;-0.00088889;-0.00084684;-0.09930196;-0.10581319;-0.00079326;-0.00085001;-0.09024536;-0.11997174;1.1152;1.11512;1
2016;3;24;14;0;0;4;-0.00085955;-0.00084614;-0.07945657;-0.0893158;-0.00088889;-0.00084684;-0.0838823;-0.10324324;1.11638;1.1163;1
2016;3;24;15;0;0;4;-0.0008539;-0.00084623;-0.07652664;-0.08300977;-0.00085955;-0.00084614;-0.08176101;-0.08969987;1.11604;1.11596;1
2016;3;24;16;0;0;4;-0.0008517;-0.0008503;-0.07689461;-0.07959041;-0.0008539;-0.00084623;-0.07662176;-0.08302562;1.11592;1.11584;1
2016;3;24;17;0;0;4;-0.00080756;-0.0008485;-0.06444503;-0.07394731;-0.0008517;-0.0008503;-0.07211713;-0.07879416;1.11628;1.1162;1
2016;3;24;18;0;0;4;-0.00068959;-0.00082741;-0.01656845;-0.05802157;-0.00080756;-0.0008485;-0.05535248;-0.07243188;1.11725;1.11717;1
2016;3;24;19;0;0;4;-0.00048481;-0.00078399;0.05222995;-0.02358838;-0.00068959;-0.00082741;-0.00546908;-0.05617168;1.11854;1.11846;1
2016;3;24;20;0;0;4;-0.00038186;-0.00073457;0.07003144;0.01566801;-0.00048481;-0.00078399;0.04513364;-0.0247711;1.11775;1.11767;1
2016;3;24;21;0;0;4;-0.00029844;-0.00067959;0.06270171;0.04770136;-0.00038186;-0.00073457;0.06935414;0.01555513;1.11773;1.11765;1
2016;3;24;22;0;0;4;-0.00025681;-0.00060936;0.0563099;0.05974267;-0.00029844;-0.00067959;0.05915209;0.04710976;1.1174;1.11732;1
2016;3;24;23;0;0;4;-0.00018457;-0.00053436;0.09202251;0.06670651;-0.00025681;-0.00060936;0.06027913;0.0604042;1.11787;1.11779;1
2016;3;25;0;0;0;5;-0.00013065;-0.000454;0.12656328;0.0812854;-0.00018457;-0.00053436;0.09071938;0.06648933;1.11781;1.11773;1
2016;3;25;1;0;0;5;-0.00019143;-0.00038064;0.08605263;0.09030357;-0.00013065;-0.000454;0.10702545;0.07802909;1.11648;1.1164;1
2016;3;25;2;0;0;5;-0.00023606;-0.00031714;0.04419965;0.08646517;-0.00019143;-0.00038064;0.08491055;0.09011322;1.11649;1.11641;1
2016;3;25;3;0;0;5;-0.00032657;-0.0002768;-0.01825726;0.05428628;-0.00023606;-0.00031714;0.0335642;0.0846926;1.11575;1.11567;1
2016;3;25;4;0;0;5;-0.00037941;-0.00026509;-0.08788633;0.00553087;-0.00032657;-0.0002768;-0.01548369;0.05474854;1.11595;1.11587;1
2016;3;25;5;0;0;5;-0.0004101;-0.00026823;-0.16162735;-0.05526497;-0.00037941;-0.00026509;-0.08627964;0.00579865;1.11601;1.11593;1
2016;3;25;6;0;0;5;-0.00044382;-0.00028438;-0.21426087;-0.121642;-0.0004101;-0.00026823;-0.16377406;-0.05562276;1.11584;1.11576;1
2016;3;25;7;0;0;5;-0.00040855;-0.00030124;-0.17878013;-0.16505781;-0.00044382;-0.00028438;-0.19886948;-0.11907676;1.1166;1.11652;1
2016;3;25;8;0;0;5;-0.00034675;-0.00031926;-0.12221181;-0.17100577;-0.00040855;-0.00030124;-0.17115489;-0.16378693;1.11691;1.11683;1
2016;3;25;9;0;0;5;-0.00034862;-0.00034348;-0.13799622;-0.15755398;-0.00034675;-0.00031926;-0.13307422;-0.17281617;1.11624;1.11616;1
2016;3;25;10;0;0;5;-0.000315;-0.00035721;-0.11787;-0.13514375;-0.00034862;-0.00034348;-0.12784459;-0.15586205;1.11663;1.11655;1
2016;3;25;11;0;0;5;-0.00028188;-0.0003623;-0.0726;-0.11557935;-0.000315;-0.00035721;-0.11605634;-0.13484147;1.11668;1.1166;1
2016;3;25;12;0;0;5;-0.00019688;-0.00034789;0.05092792;-0.07074321;-0.00028188;-0.0003623;-0.05771496;-0.1130985;1.11737;1.11729;1
2016;3;25;13;0;0;5;-0.0001767;-0.00032537;0.10648801;-0.00842961;-0.00019688;-0.00034789;0.03721029;-0.07302948;1.11677;1.11669;1
2016;3;25;14;0;0;5;-0.00018441;-0.00030029;0.09614001;0.05098412;-0.0001767;-0.00032537;0.09652953;-0.01008936;1.11647;1.11639;1
2016;3;25;15;0;0;5;-0.00014845;-0.00026747;0.10469147;0.09079948;-0.00018441;-0.00030029;0.10491803;0.05244712;1.11694;1.11686;1
2016;3;25;16;0;0;5;-0.0001513;-0.00023889;0.07186031;0.09444967;-0.00014845;-0.00026747;0.09423605;0.08905691;1.11653;1.11645;1
2016;3;25;17;0;0;5;-0.00016696;-0.00021891;0.01822222;0.07419693;-0.0001513;-0.00023889;0.06678461;0.09360372;1.11634;1.11626;1
2016;3;25;18;0;0;5;-0.00017015;-0.00019908;-0.02084277;0.04116628;-0.00016696;-0.00021891;0.0200176;0.07449616;1.11643;1.11635;1
2016;3;25;19;0;0;5;-0.00014918;-0.00018066;-0.01240458;0.01085819;-0.00017015;-0.00019908;-0.01463305;0.04220124;1.1167;1.11662;1
2016;3;25;20;0;0;5;-0.00013902;-0.00016478;0.00025654;-0.00639946;-0.00014918;-0.00018066;-0.0147024;0.01047522;1.1166;1.11652;1
2016;3;25;21;0;0;5;-0.00010315;-0.00015437;0.00518842;-0.00361006;-0.00013902;-0.00016478;0.00859454;-0.00500979;1.11692;1.11684;1
2016;3;27;23;0;0;0;-0.00010817;-0.00014676;-0.04899216;-0.00980028;-0.00010315;-0.00015437;-0.00614809;-0.00549947;1.11634;1.11626;1
2016;3;28;0;0;0;1;-0.00012125;-0.00013974;-0.05873884;-0.0262272;-0.00010817;-0.00014676;-0.04746137;-0.00954514;1.11637;1.11629;1
2016;3;28;1;0;0;1;-0.00015883;-0.00014089;-0.08268424;-0.05321195;-0.00012125;-0.00013974;-0.06775833;-0.02773045;1.11601;1.11593;1
2016;3;28;2;0;0;1;-0.0002056;-0.00014692;-0.10722101;-0.07780424;-0.00015883;-0.00014089;-0.08831322;-0.05415012;1.11577;1.11569;1
2016;3;28;3;0;0;1;-0.00023353;-0.00015432;-0.1122449;-0.09332801;-0.0002056;-0.00014692;-0.1016692;-0.07687894;1.11585;1.11577;1
2016;3;28;4;0;0;1;-0.00027588;-0.00016607;-0.1182473;-0.10793646;-0.00023353;-0.00015432;-0.11885992;-0.09443051;1.11556;1.11548;1
2016;3;28;5;0;0;1;-0.00027959;-0.00018056;-0.09088252;-0.10732404;-0.00027588;-0.00016607;-0.10683634;-0.10603463;1.1159;1.11582;1
2016;3;28;6;0;0;1;-0.00024262;-0.00019207;-0.05105189;-0.08931485;-0.00027959;-0.00018056;-0.0761523;-0.104869;1.11636;1.11628;1
2016;3;28;7;0;0;1;-0.00021168;-0.00020413;-0.03867252;-0.06667735;-0.00024262;-0.00019207;-0.05112531;-0.08932709;1.11633;1.11625;1
2016;3;28;8;0;0;1;-0.00016828;-0.00021081;-0.01764866;-0.0433873;-0.00021168;-0.00020413;-0.03213611;-0.06558795;1.11654;1.11646;1
2016;3;28;9;0;0;1;-0.00013236;-0.00021204;0.00135172;-0.02468744;-0.00016828;-0.00021081;-0.0170394;-0.04328576;1.11653;1.11645;1
2016;3;28;10;0;0;1;-0.00010351;-0.0002059;0.03001328;-0.00550492;-0.00013236;-0.00021204;0.00158604;-0.02464838;1.11655;1.11647;1
2016;3;28;11;0;0;1;-0.00003505;-0.00018695;0.10674593;0.03004035;-0.00010351;-0.0002059;0.04368175;-0.00322685;1.1171;1.11702;1
2016;3;28;12;0;0;1;-0.00001452;-0.00016261;0.12920489;0.06774655;-0.00003505;-0.00018695;0.09416244;0.0279431;1.11668;1.1166;1
2016;3;28;13;0;0;1;-0.00002938;-0.00013522;0.11764706;0.09740278;-0.00001452;-0.00016261;0.11738149;0.06577598;1.11629;1.11621;1
2016;3;28;14;0;0;1;-0.00002154;-0.00010655;0.11091637;0.11344353;-0.00002938;-0.00013522;0.12040969;0.09786322;1.11654;1.11646;1
2016;3;28;15;0;0;1;0.00010929;-0.00006745;0.19305368;0.13960884;-0.00002154;-0.00010655;0.14319923;0.11882401;1.11808;1.118;1
2016;3;28;16;0;0;1;0.0004028;0.00000083;0.32700383;0.19959873;0.00010929;-0.00006745;0.23189018;0.14608159;1.1205;1.12042;1
2016;3;28;17;0;0;1;0.00071352;0.00009881;0.39396226;0.27775941;0.0004028;0.00000083;0.33280729;0.20056597;1.12161;1.12153;1
2016;3;28;18;0;0;1;0.00089139;0.00021256;0.36757046;0.335612;0.00071352;0.00009881;0.37429838;0.27448209;1.12086;1.12078;1
2016;3;28;19;0;0;1;0.00089855;0.0003239;0.26496447;0.33667272;0.00089139;0.00021256;0.33683392;0.33048924;1.11934;1.11926;1
2016;3;28;20;0;0;1;0.0009338;0.00043154;0.21398474;0.29938308;0.00089855;0.0003239;0.26717376;0.33704094;1.11983;1.11975;1
2016;3;28;21;0;0;1;0.00097789;0.00054181;0.20365679;0.25083881;0.0009338;0.00043154;0.21509731;0.29956851;1.12017;1.12009;1
2016;3;28;22;0;0;1;0.00099013;0.00065509;0.21072169;0.21818264;0.00097789;0.00054181;0.2005029;0.25031316;1.12;1.11992;1
2016;3;28;23;0;0;1;0.00094376;0.00076235;0.20300011;0.20432607;0.00099013;0.00065509;0.20342659;0.21696679;1.11944;1.11936;1
2016;3;29;0;0;0;2;0.0009246;0.00085294;0.1979964;0.2028518;0.00094376;0.00076235;0.20587915;0.20480591;1.1198;1.11972;1
2016;3;29;1;0;0;2;0.00089267;0.00090737;0.14467005;0.19195957;0.0009246;0.00085294;0.19595124;0.20251094;1.11973;1.11965;1
2016;3;29;2;0;0;2;0.00088859;0.00092682;0.05648478;0.15852795;0.00089267;0.00090737;0.14845064;0.19258967;1.12012;1.12004;1
2016;3;29;3;0;0;2;0.00083857;0.00092095;-0.06900958;0.08722559;0.00088859;0.00092682;0.0497553;0.15740637;1.11966;1.11958;1
